,stock,ann-cnn,lstm-gru,ann-lstm,lstm-cnn
0,INFY,"dm_return(DM=-0.8782220772312748, p_value=0.3802441876688193)","dm_return(DM=1.3601378035165423, p_value=0.17439800962745908)","dm_return(DM=0.13776880858463053, p_value=0.89047848764067)","dm_return(DM=-0.5961478892506994, p_value=0.5513456754992414)"
1,BHARTIARTL,"dm_return(DM=2.1023202124836455, p_value=0.03602369134871907)","dm_return(DM=4.767601643668339, p_value=2.4472948841736163e-06)","dm_return(DM=-4.7517152761021, p_value=2.638669748213855e-06)","dm_return(DM=4.748038643772328, p_value=2.6849706271136007e-06)"
2,AXISBANK,"dm_return(DM=-1.533672914703421, p_value=0.12574135827196753)","dm_return(DM=2.888966525768769, p_value=0.004032491416562978)","dm_return(DM=-5.555900028167847, p_value=4.4915428402007845e-08)","dm_return(DM=5.408758684322667, p_value=9.845280020601651e-08)"
