,stock,ann-cnn,lstm-gru,ann-lstm,lstm-cnn
0,INFY,"dm_return(DM=-0.9806810747058291, p_value=0.3272271708710238)","dm_return(DM=1.4433652682052305, p_value=0.14954759527315276)","dm_return(DM=-1.295568089990923, p_value=0.19572572937311125)","dm_return(DM=-0.7990557874155013, p_value=0.4246397577517882)"
1,BHARTIARTL,"dm_return(DM=-3.20435986817752, p_value=0.0014405941024433575)","dm_return(DM=3.2316258355013994, p_value=0.001312529609125982)","dm_return(DM=-3.223224713677696, p_value=0.0013508189353171063)","dm_return(DM=3.164851840326048, p_value=0.001646748691887057)"
2,AXISBANK,"dm_return(DM=-1.3077598056185948, p_value=0.1915593757704448)","dm_return(DM=5.239656379206317, p_value=2.3813935362053369e-07)","dm_return(DM=-6.323607553196559, p_value=5.697784004355092e-10)","dm_return(DM=6.318830674112489, p_value=5.863177937414702e-10)"
